{
  "GET-Homepage" : {
    "transaction" : "GET-Homepage",
    "sampleCount" : 650,
    "errorCount" : 0,
    "errorPct" : 0.0,
    "meanResTime" : 185.92307692307688,
    "medianResTime" : 198.0,
    "minResTime" : 9.0,
    "maxResTime" : 506.0,
    "pct1ResTime" : 305.9,
    "pct2ResTime" : 392.0,
    "pct3ResTime" : 486.0,
    "throughput" : 44.02899139741245,
    "receivedKBytesPerSec" : 386.0276218417666,
    "sentKBytesPerSec" : 4.858667996003522
  },
  "GET-Category" : {
    "transaction" : "GET-Category",
    "sampleCount" : 100,
    "errorCount" : 0,
    "errorPct" : 0.0,
    "meanResTime" : 179.63000000000002,
    "medianResTime" : 193.0,
    "minResTime" : 10.0,
    "maxResTime" : 494.0,
    "pct1ResTime" : 300.9,
    "pct2ResTime" : 381.24999999999915,
    "pct3ResTime" : 493.91999999999996,
    "throughput" : 8.041170794467675,
    "receivedKBytesPerSec" : 92.73260342955935,
    "sentKBytesPerSec" : 0.9894409376005147
  },
  "GET-Cart" : {
    "transaction" : "GET-Cart",
    "sampleCount" : 100,
    "errorCount" : 0,
    "errorPct" : 0.0,
    "meanResTime" : 191.59000000000006,
    "medianResTime" : 199.0,
    "minResTime" : 12.0,
    "maxResTime" : 410.0,
    "pct1ResTime" : 304.8,
    "pct2ResTime" : 315.95,
    "pct3ResTime" : 409.9,
    "throughput" : 8.001280204832774,
    "receivedKBytesPerSec" : 182.14633091294607,
    "sentKBytesPerSec" : 0.9689050248039687
  },
  "Total" : {
    "transaction" : "Total",
    "sampleCount" : 1200,
    "errorCount" : 0,
    "errorPct" : 0.0,
    "meanResTime" : 190.66916666666688,
    "medianResTime" : 199.0,
    "minResTime" : 9.0,
    "maxResTime" : 506.0,
    "pct1ResTime" : 305.0,
    "pct2ResTime" : 386.0,
    "pct3ResTime" : 410.0,
    "throughput" : 81.2842918106076,
    "receivedKBytesPerSec" : 865.0314288677775,
    "sentKBytesPerSec" : 10.30937245986588
  },
  "GET-Product-Detail" : {
    "transaction" : "GET-Product-Detail",
    "sampleCount" : 350,
    "errorCount" : 0,
    "errorPct" : 0.0,
    "meanResTime" : 202.37428571428572,
    "medianResTime" : 203.0,
    "minResTime" : 11.0,
    "maxResTime" : 405.0,
    "pct1ResTime" : 305.0,
    "pct2ResTime" : 385.34999999999997,
    "pct3ResTime" : 401.0,
    "throughput" : 27.96420581655481,
    "receivedKBytesPerSec" : 290.97520798378076,
    "sentKBytesPerSec" : 4.478642337807607
  }
}